Run,Execution Time (seconds)
1,0.0279997
2,0.025855
3,0.0454244
4,0.0380516
5,0.0264067
Average,.032747
